-2.50919762305275,5.165263918580452,3.744763792127077
9.014286128198322,-9.50826167082397,8.729264829689543
4.639878836228101,-9.557528969420055,3.9702599557363083
1.973169683940732,-3.5277956170091755,1.5185247497972292
-6.87962719115127,-0.2271361919066841,6.8955415366311055
-6.880109593275947,5.4081483561558645,7.507369560891664
-8.83832775663601,3.6659075321301042,9.233640597446371
7.323522915498703,-1.0819458724650328,7.390662667170121
2.0223002348641756,-4.527466674366682,1.3329027381177239
4.161451555920909,9.942490003154223,5.566224078599997
-9.588310114083951,-1.4763739552805415,9.649323841592137
9.398197043239886,-0.97225951340649,9.46394386585579
6.648852816008436,-6.727523576166616,6.424980282596349
-5.753217786434477,5.8961909749985875,6.5207186514544455
-6.363500655857988,3.8736445156297723,6.897286390707756
-6.331909802931324,-5.584607744224792,6.170420577380709
-3.9151551408092455,-8.352379087683147,3.234727509980213
0.49512863264475726,3.6099860414942615,2.10615873661762
-1.3610996271576852,3.090224285622705,2.5257381249289486
-4.175417196039161,-4.534809460035813,3.979987016147914
2.23705789444759,9.017271245008207,4.126257698722574
-7.210122786959163,-6.978842164381995,6.994669216187103
-4.157107029295637,-1.3533039791479613,4.201857122154355
-2.672763134126166,8.872318403351976,4.37972945870539
-0.8786003156592805,-1.6054536614775543,
5.703519227860273,2.7705189532817105,6.169341016589975
-6.006524356832806,-2.0481120407441145,6.044831469346956
0.28468876827223255,-4.515695953026599,
1.8482913772408498,9.679552959196563,3.9975006347914537
-9.070991745600045,-1.8133198736991396,9.125229439651386
2.1508970380287664,7.881984073582689,3.9164788754776905
-6.58951752625417,-5.400907882178276,6.449254262720861
-8.69896814029441,-5.737905919498334,8.593278741074446
8.977710745066666,-9.377318342309772,8.697988884366062
9.312640661491187,3.033336507517701,9.64881590958427
6.167946962329221,-2.629473125524777,6.18063476801386
-3.9077246165325867,7.28716499679274,5.089847396690905
-8.046557719872322,-0.5358018661688568,8.103859748396946
3.6846605302431374,9.363868558294435,5.146030382089163
-1.196950125207973,-6.289489685937577,
-7.5592353031044235,7.372463359112217,8.278588264508574
-0.09646179777459629,5.531937055834835,2.216567558818865
-9.312229577695632,5.41843689288104,9.800877130285214
8.186408041575643,6.895664562337753,8.828720705653627
-4.824400367999662,5.220479818859978,5.632192690028734
3.2504456870796403,2.5244064326283073,3.8980253562046427
-3.7657784782117805,-7.3751024463522485,3.1827738689342673
0.40136042355621626,-9.349476410174962,
0.934205586865593,8.416956956313737,3.3692560960254094
-6.302910889489459,2.3330062904147617,6.689384219284333
9.391692555291172,5.930745819523526,9.907300862299495
5.502656467222291,-0.3695529697489981,5.533483984121382
8.789978831283783,-7.65383622075211,8.591781592079577
7.896547008552975,-7.496284155948992,7.677239317009098
1.9579995762217024,3.711305744579427,3.0868066314806897
8.437484700462335,-1.3938821020107461,8.500708379005259
-8.23014995896161,-5.989505465993266,8.10207849661593
-6.080342751617096,-0.16810906517126156,6.068309292316376
-9.09545422178924,-8.715821258497318,8.853495406018954
-3.4933933847347127,1.639428038287976,3.9482206603765997
-2.2264542062103594,-4.620131911298047,1.6333401225477289
-4.573019364522082,5.951182012743763,5.492490478614412
6.574750183038589,-3.7927608215285247,6.530766412379224
-2.864933466128214,-0.8955970183639756,2.873069290917726
-4.381309806252385,-9.767589201837987,3.6310747471172915
0.8539216631649698,-8.551062244108822,
-7.181515500504747,-2.150128871866304,7.222262403579017
6.043939615080795,-0.4012233056575294,6.083896915945571
-8.508987126404584,2.0004109623860735,8.78850092076443
9.737738732010346,-4.166748425813935,9.713905089735333
5.4448953859331475,3.8996377225308514,6.04996575914123
-6.025686369316552,7.20244794378409,6.87617600986829
-9.889557657527952,5.597019777866997,10.364076617402695
6.309228569096682,-9.207623493032857,5.887341236868094
4.137146876952343,-0.38986105484342204,4.1477903447213995
4.580143360819747,-7.901396431636503,4.0822893798088815
5.425406933718914,-5.159099682749451,5.254312105815154
-8.519106965318192,9.733251865342929,9.312695362864522
-2.8306854291145473,-7.150089141969735,1.9673165896972378
-7.682618809497406,-0.02223693097287871,7.565272930038942
7.262068517511871,2.3631146863623815,7.612056166284438
2.4659625365511584,4.049299410882078,3.5258185909628814
-3.3820395029470163,1.192973669738283,3.7451425703481105
-8.728832994279527,-9.804583051616326,8.416497134103823
-3.780353565686756,-3.4707738351201627,3.6598489537095995
-3.496333559465059,0.354232867694229,3.576659800421796
4.5921235667612805,-8.242670017103332,4.059383663283209
2.751149427104263,-2.987461375816385,2.586078997413093
7.744254851526531,-9.33593782417267,7.410692806706246
-0.5557014967610137,-8.428430056899586,
-7.608115081233966,-2.061534475968079,7.653400986591505
4.264895744459899,-7.345684919138793,3.7799711087742898
5.215700972337949,1.3508169652311626,5.523290383546925
1.2255439513899251,3.7892993827453143,2.612819031141597
5.419343599091221,6.011733982181656,6.23415647471538
-0.12408807271218514,-5.996995115103799,
0.4546565876398816,-6.650348354818605,
-1.4491796328290079,-7.908643193311995,
-9.491617465118097,2.728604990872734,9.801714473409401
-7.842171460133911,4.129514529738023,8.313052589790958
-9.371416286265315,-9.36827710348716,9.106599779754141
2.7282082252756084,8.724244924873798,4.39739878042676
-3.712880378473466,-8.960574326970551,2.8860957467720807
0.1714138232940563,0.8259267060214093,
8.151329478521859,4.181210389018329,8.611281232659692
-5.014155417022501,7.419382474921711,6.0147732996480725
-1.7923415392874062,4.2817386426485555,3.087411355106581
5.1110227708609735,6.034561661395838,5.965401761814985
-5.424036690167551,-3.210996149143879,5.391344859865962
-8.46040180342414,6.296502274930244,9.047115114889499
-4.204970941724639,-8.397703072306497,3.5844529786449266
-6.775574254919912,7.896333121210553,7.601609186154998
8.59395304685146,0.9518475230747256,8.769810995372929
6.162407591288339,6.345955399249874,6.927301634064658
2.6680751302084698,-0.9536343096339976,2.664371009066185
7.429211803754356,2.871553903930499,7.818248845638516
6.073441537982291,0.5280532187222633,6.211289121112309
-6.268598822279284,4.6317904351066375,6.877180961886396
7.851179969799556,-8.367400359388208,7.580147336292214
0.786844838313014,-8.792958320188724,
6.148803103281249,-5.057935319797071,6.0155681435016755
7.921825998469863,-6.809106397736233,7.7417119152894625
-3.6399305005627225,7.435671331844034,4.897246046328173
-7.798961509446465,-5.615720252839114,7.680341191051323
-5.441296749161166,9.517305116382627,6.562937190542285
-1.4578442274748742,-3.262084164577863,0.6500390145278002
6.360295318449861,-6.357641686226014,6.147800189189337
7.214611665126867,5.793970142849583,7.847134364541162
-9.860957389376185,3.1741555100175223,10.190989207294535
0.21494605155131552,-0.03608567093722037,
-1.6517799370244202,1.1072710187526251,2.106988344007783
-5.557843790585395,4.384035565445277,6.2021643846128205
-7.6026926533263435,-5.4309051733740255,7.489368378391565
-3.247696571927441,9.926678321134837,4.893606364947037
8.858194078250385,9.495863242935663,9.612266368643061
-3.5359413595848954,3.0065137269387385,4.227665521704945
0.3758124348673224,-6.009150981417097,
4.060379177903556,3.6045648486258273,4.772286803569404
-2.7274079524141204,-8.556031820416482,1.4257315732462617
9.435641654419214,-9.386949955883878,9.172142502231868
9.248945898842223,-4.846342229775726,9.192355075771866
-4.964354083492717,-0.7475408652136739,5.020815420837807
-0.0550298821522901,7.365450108167611,2.5427150113996717
-3.982433803664607,4.543381395326161,4.8268752907358055
-4.303190112450648,4.854130423999621,5.139140217825952
-9.262261052909345,-1.490133311038493,9.323312731035374
2.191286679597937,-3.0813001490607412,1.9053287625997881
0.0535804645772302,-2.5792247403079465,
-8.970424975000213,9.752991274721158,9.731033994109287
-4.427070715267771,-9.19781617175035,3.756040888585632
8.165317719333075,7.340629922448972,8.837780472356146
-5.208762186660552,1.5735081714478678,5.550528043592943
-7.102102558175538,-1.2276916162081903,7.167823636022208
-0.21094479444873926,4.50515320830273,2.121017207890866
9.713009082212015,-0.26662117150594256,9.74820311276464
-5.158894569769991,7.468464761633211,6.142806339695649
3.442710948117572,8.014037280225171,4.814950658515785
5.232392306574351,-1.5655814625308917,5.2835095984956615
-5.247249120152007,-4.463444055298968,5.120918268586449
4.5643269722371915,1.8470065718672437,4.981156955138909
-2.644337345614936,8.24726691233382,4.280430968350971
2.646116611871589,-5.786756219886668,1.9859108579417908
2.6705942152178945,2.4593316712696556,3.3872696627932326
0.71549368149517,2.631204401850411,1.9431404447508234
-8.194204598911835,4.66226044830562,8.686206134474016
6.70604991178476,-7.368646297454804,6.442259170871716
-3.5843987005652833,4.316499293641771,4.461328142695927
-6.269629792002915,8.180650413312819,7.171220057335498
-9.184497168904722,-6.406337822595161,9.05668014122825
1.8178588637648367,-5.249133501522447,0.5578527787397911
3.551287236845649,9.427901880832792,5.054752875949301
-9.668243421442877,-6.380460945810205,9.550735934698947
0.24186116598562002,7.0877018673915835,2.772213633560398
-5.470084496041241,-0.1544428710393042,5.440472825823058
2.9034558081889976,-5.055378511936459,2.461916231736632
-6.512671419900171,7.4149980254502275,7.328515640069285
3.81875476204932,-1.0938948999466902,3.8624683886795417
-2.265293073989252,0.29634707859380427,2.242627919195623
8.73459977473469,-2.8153326120046867,8.75672730809746
-7.249581117080135,1.859017028698549,7.55092278869959
-3.17867297899483,-6.729522548299545,2.5372046358024933
-7.730529575188219,-2.1783692669647863,7.772160071011687
8.493872365571256,9.38824644670575,9.26892214572806
7.5467870676196185,-4.837331345977449,7.464191102230051
-4.841167445696888,3.134733290825844,5.412147034523501
3.19968092068358,-3.496198715506102,3.025968715672033
6.344444004024318,5.469462513732013,7.0191304343701955
1.104016231989247,-7.3825267856330035,
0.5930115671201293,9.396420901570895,3.386129221966811
-5.162954181990966,-0.924209172327215,5.224421383137748
-8.137944643882015,-5.278990733070721,8.044092544942757
7.944315159066534,-8.530065053399747,7.6679939931914936
8.008361143266608,-6.604841898249186,7.842021132498353
2.6620291454653593,0.3954789711203528,2.74468744076559
-3.219404179025986,-3.2599364713742744,3.074984684401066
-3.015808507746782,6.577667317652189,4.319758835923818
4.519113577404788,-1.3822495267638821,4.568606584726676
7.942205199051543,-5.025714548247402,7.8574593532300545
7.741728485302346,2.3428997320806015,8.07312046344803
5.597510917152476,4.135544337708916,6.213663475481961
2.8406329230857548,-6.659161841981003,2.085678325246445
-8.317200700099024,-6.647615674233647,8.157254182661328
-6.767425718107725,-9.266571461329141,6.377304572699458
7.971083770541586,4.728040301312809,8.479124250012083
2.128581193191799,3.276090552436102,3.1223476594550807
-9.816058967667407,-0.5073824850037223,9.871836745757557
-7.9705691426793575,6.883408979383944,8.62660137939114
3.2700353821611152,6.113403059001065,4.44992346543988
-9.898768323075625,1.7070872879350425,10.12521113445259
-6.783838971650027,7.365425610265174,7.569493827312946
0.9746757873317229,-5.8831757992646345,
3.837903953853864,-7.7616076120454425,3.2190083874421274
3.0392251900520115,-4.605007769660208,2.696410383149115
-5.514613810788804,-8.858262878213703,5.043952310532608
4.243584426950717,0.6233905600206402,4.427665930262408
-5.255018250063999,8.732113845899228,6.338258562728893
-3.4920060368146455,-9.213129186629807,2.5400950559951645
4.929828102360483,-7.557801719799464,4.512569987146806
2.992657980944294,-0.956019434331294,3.008515791647333
6.984468209883559,8.677500350558098,7.8463188114705105
3.152257846006867,-3.67687790046499,2.9512767737555388
1.3661720667094315,0.14469617376784782,0.6245125447466979
-8.12650464343815,-9.168542818992158,7.821920746530873
-2.645683938811329,-7.033135980758223,1.7000205366476133
-4.695952646365491,9.732602459176938,5.967139686877771
-5.1202071324183285,9.302373928720911,6.27553659300226
9.460211095048912,-9.901200381311808,9.172466640948038
-2.138045506664792,9.03623570846478,4.070455635165736
7.8409311035422675,2.782398756310007,8.206416412476104
2.622772519945258,7.358365890400442,4.146971357037346
5.896226070832968,-0.9052028873228188,5.961123661925188
0.0527418621038418,0.31192057158500575,
1.5380776925271817,-0.22306839486159546,1.0357949253410779
-0.14964612362272156,3.337285150922087,1.6325914408270554
-6.09514024403911,-7.206974904873742,5.807434954941274
4.4490423052301065,-9.400528202546441,3.7585773866380765
-4.384552751182884,-3.8414011681761817,4.266945801480551
-9.513680671370924,4.093615254732935,9.912915540339519
2.9094459181433567,-5.962930957541033,2.314188709153683
-6.457786411859021,3.4686486664983462,6.94843188718746
8.809171687058285,9.398240922145408,9.56117475449196
9.078571540051747,-8.121985684211632,8.865605847947117
8.29728780440897,3.4520423645025247,8.697811334476162
-2.5968259948911125,-1.1249956139085775,2.5866152978009813
-9.690867669422651,7.362845087550106,10.273431347769215
8.566371251754507,-6.457004211052282,8.422512801774417
-1.4363170336537134,3.852519044523291,2.76158199572093
9.333096380873393,6.762305792962206,9.900198210469556
9.272399541785056,8.892284389480466,9.964030501083267
7.060189109347203,3.664960565792917,7.534223267087119
-4.111022158608286,-0.05650471983145344,3.922274730209072
-2.298045427961495,2.356944804024277,3.054076414645472
7.022733430337137,7.378099689574363,7.787461277833577
-3.661559896874447,1.4121949327765932,4.0573698688977915
-6.61014506627815,-9.392258806063262,6.199213692881193
1.1360252491670035,8.618973910139555,3.491565388899289
8.72309548321562,3.790535020631223,9.131342243448554
3.9205959334994596,3.5302677155449302,4.639930771421537
1.4012234017872984,-5.6864969520456565,
-8.05647012458463,3.177709404653143,8.445534702314875
2.3001445339833957,-2.1227118869168304,2.18027966446435
9.801077002085265,3.024659540829841,10.122996629264843
-7.19831969526952,-7.868139393840186,6.9270727065273805
0.3665930472747352,3.156906092060721,1.8540189072335744
7.5474614385591074,9.98827451541333,8.442456503407705
4.815372355084088,-9.03575922278888,4.233799123919876
3.9403148199053604,9.543483684426345,5.356928576425569
4.049681679742186,-1.8618407855425883,4.069187249329208
-2.8101769756048967,7.415069006745185,4.28356456527598
-4.128163114710133,5.64770968116547,5.083160731400259
6.187223109570272,1.340325219733355,6.460453056099705
6.202267893583617,4.768984185026531,6.82818859920888
7.341446371602075,7.570311226026959,8.092275088588357
8.264811051129428,-1.917193566979341,8.315814899722628
0.22684797721875682,-3.459336768735226,
0.030325893743992083,3.3518677112716944,1.0327399164025428
5.965903579335503,6.15691883882517,6.734431033497086
2.999278615555303,5.245702695532316,4.12276071519654
4.039337545154067,5.95627297717269,5.045101231044877
5.91585338872202,-1.2883337037413405,5.978291817599016
7.8001068363513255,6.356684323500431,8.432199909940044
-3.240096862969284,-7.595818892587831,2.470953250137602
-2.48834094720112,0.8897819592169913,2.8065031614029547
-8.12036120318262,-9.884826790037568,7.774369096615798
1.5656028199234804,-3.5082834019945945,0.8038821957363201
-9.281154524065158,-2.670769302572042,9.310177898686955
-0.6880396373507978,-2.076546167814892,
0.8528926941515316,3.9093441337972443,2.416819844994639
-4.269174957434312,-2.2288379745930857,4.271992251256483
1.816665211380215,-1.026127547549386,1.7020398103433687
-9.389995001219011,-5.24911738251345,9.317756889194241
-9.253036225015713,-2.5349641674131984,9.286487304360449
6.452011213193167,-5.454607454736971,6.303546128545139
-2.7961871717747417,-8.536081524631127,1.5668886381709772
-7.458789746962305,2.0689718676275586,7.774249888403749
0.4448652010960874,3.3642559711003255,1.991327167283778
5.399871061972217,2.3898069201922905,5.840034422684462
-5.683579450063137,-0.7301191239885529,5.744213600285503
2.4578095163800047,-2.404284396415404,2.326599674670493
-8.29305070012464,7.266672991436504,8.952099159238418
-8.966365576627846,0.38163570272436154,9.055801399756746
0.6270926313629595,-0.41636244740537975,
0.8127024322021299,-9.487158683871286,
2.748598029964132,-3.175043447476873,2.558546457217132
4.52182667445323,-2.396087624282859,4.520351993361715
9.517041589250692,-2.0235443820619903,9.566006005170061
0.3260069660239058,1.6034473845466461,1.0300715137809948
-3.5408705411750807,0.6720509345375696,3.751901729857827
5.903723895374073,2.1581018558688925,6.289425257852705
-4.583354974758516,5.297665230842565,5.4308844135833
-1.2205715858872779,6.259714774321871,3.12777295427808
-8.430872373154681,4.362461524529888,8.890838386556691
-9.49298513169085,9.110473919098695,10.182692103762891
9.252968293558503,-9.635348346472767,8.970644165680987
6.719602410244118,-6.0844402863290785,6.540594773623785
3.9194841218739604,-9.848742500437158,3.027691712653088
-1.8209411117146033,2.9494942830920596,2.818919651818822
-6.534113598583085,7.960610978999739,7.389640989252893
-6.871259146578279,-5.1303540684740145,6.756209753869963
-4.995142036708094,8.540690895926133,6.102904441000081
0.984533294122409,-8.794652194208783,
4.291918454001246,8.688720536110285,5.543288200278678
3.2039475343546258,-2.9675462552073117,3.090283585103658
-4.401322061081143,-7.97158343101567,3.8675367568437173
9.097305613263881,-0.28256481627348684,9.13359379277942
4.757938333915369,-4.864468645589842,4.573322696344406
1.0870810502280133,-4.302541960761543,
2.2344149246870444,-3.8542007014742685,1.8142636010531021
-1.6079987514442013,6.060517956653268,3.3049907115473838
-5.045380209976851,0.7832255335050888,5.254828772151835
-2.8805464269747683,-3.7738460168799275,2.628645345780217
5.156922209287382,2.2066756662183664,5.588591005695846
-9.712130227404883,4.323013484463871,10.11858761915902
-7.678547189861675,-4.547519985329325,7.613512944040805
-9.079947159564945,-1.7290179694929702,9.136194198013111
-9.185423953620598,-7.562278133261049,9.002806530989957
7.109211680220145,-6.377013009306394,6.926613088307557
4.073157187600474,3.622357079299656,4.785865639101561
-0.5165234182534952,-6.371233046087461,
-8.04331678697997,0.5032676733412025,8.160663027365135
-0.1676824976633533,4.1809252344486545,1.9631332715645962
-0.5305645843886868,-7.862461538105123,
-6.535962601799696,1.3462443925780718,6.7999772017727125
-1.3229670152405397,-4.868744325972725,
-2.0299053120525308,9.258537504751597,4.03888454002343
2.3170019610443298,-0.3290870656015059,2.18363279595345
2.7018730173528756,6.119850995503164,4.028082892534097
-9.09391980455911,1.0045308431252344,9.269090295249896
-2.5077477074705756,-9.131749342903618,0.5368347269874593
2.5171983142847267,2.663027511880447,3.3018063247636067
0.06272517160175362,9.02806684413314,2.909183236468666
7.129796823766444,2.0322364029266247,7.452493458711899
3.1738726323789006,6.383777188535802,4.412024152921974
-6.741311458371406,7.6841292669681565,7.554920317102413
-8.588625051991404,-5.4384045610213505,8.49529282136234
2.8483855641263123,-5.759103201835467,2.2697425522726253
-9.469773789167563,2.219619777019835,9.743801944027846
1.715511625469265,-1.7794306038659062,1.5098193007550238
8.804604828499151,6.797226057334406,9.402663542856553
1.50948355751758,8.000462467960222,3.573551455389659
-2.236601475869562,-2.931572413945638,1.9877902813244928
2.8657643688470635,-5.262588820510359,2.3798056189756487
-0.8349421901696665,5.610510304877236,2.802121991416274
0.9123357863186996,-4.503879289037278,
8.829296175530502,6.452286370273569,9.404853383899026
-2.2779472439845154,-1.5252349270247443,2.2156786486071134
9.223811276478283,3.3509979858294088,9.584400814882066
8.107012839121275,-8.089293723306636,7.86241911531737
-6.084177304214071,2.4771864935314607,6.496708006142523
-8.612773982496691,-0.9646464252554168,8.67942867087799
-7.984439972451467,1.7321692635094816,8.252897679846503
-9.635563486969005,-6.639715845102732,9.505940133304174
-8.111140784881432,4.737474898883642,8.612596735321581
3.6601354683271374,7.25594155086457,4.8920194209345125
-8.57622703079542,-5.665203998184487,8.471706030455104
-3.6204873941247744,-8.085708889596766,2.8980902170644187
6.89750621938909,-9.527228279073272,6.498744304090405
-9.534561285283482,2.839430008865321,9.851183455282397
6.289369651778717,2.1418807217756157,6.655719080224706
-4.362904504532001,0.9339482542814004,4.623168581365229
-7.636703447566875,-5.361058077680491,7.527968441132976
3.9347433072830125,-2.181880081889707,3.930694262704049
2.5788569355976794,1.8895267037234618,3.1817766148717905
7.549440270541059,-0.06466282281661151,7.4974855884141
4.701420876077716,9.755710404297744,5.973674432998612
6.06961860769697,-7.271204948865337,5.775489839418607
-4.35930854857387,3.902891080951875,5.073508957215241
-6.451209124405544,-1.9136246379141575,6.497518084864546
5.012295032817168,-1.4360077014877053,5.0656544028258255
6.136694785345281,4.351955313163526,6.730222116072893
9.810102840013467,3.8487230264873933,10.184203205292068
-1.7476464617714704,9.825119874043764,3.9651734377923225
-2.559638284144336,-7.432114210917495,1.4371187344264489
5.528259214839936,-7.917807012316674,5.140314210810863
-3.183929194939643,4.486776342574823,4.1573347196288415
8.615146512071295,1.567738340128182,8.853905560492901
7.168255036860238,-4.516786668803883,7.095389819218576
-1.420119452499634,-8.411612620220268,
5.017421355829947,-8.286835008071389,4.540403758851919
5.0908574816936465,7.883817493282365,6.123145099749131
-7.937522623281348,-6.162653505625142,7.7930559187371085
8.051058133591333,-3.5325687576895852,8.03957692546304
0.10504744895714246,-5.46687195546024,
6.529149322154833,-2.9000738833612534,6.532283663763139
-3.599007979387765,-8.611523145078133,2.788385687778821
7.9104645699240095,0.3811958181654074,8.003773482849894
-2.215966425316738,-8.647748728155701,
-9.783246970394032,6.007130156447232,10.285556377429291
8.107639528385274,-5.3257583617913395,8.010831557716223
-8.174266464277329,0.8002382920902118,8.33648701637337
-3.6137272481917027,7.6015817512291655,4.896294766941632
9.001239341016099,3.017547380943883,9.34567620365332
9.012142938751122,0.659155731026706,9.146565120559934
1.4687577624657226,-3.513324937692488,0.5337642512208887
2.6367442433959845,-3.339961738836042,2.4058185161568626
-1.031089560433605,3.3897391039638016,2.388357974079469
-4.135784566038709,9.88278722442335,5.540575135232089
-3.4267090926016808,3.236783796987572,4.169568267368133
3.450369121540769,1.155668347400498,3.8005098962808397
5.0474905887536,4.613010204784922,5.765235751620305
5.83158087451697,-0.6958877543256374,5.891703400812595
5.792362855891078,-8.797153147984297,5.355864334582111
-8.175877939026194,1.245936317558197,8.391185363531115
-0.11159390594837149,9.152505690107603,3.030857591662962
-8.848824799667113,-6.493941152846807,8.70970225974619
0.9905776464747102,3.800097816413315,2.4712146149102865
-1.1693899725324606,-5.9813262268188705,
7.754083655165996,0.7165536894616249,7.9093163135029645
-2.9816997489584267,-8.066471007065608,2.001067714550629
-7.658659671447882,-0.9925812748362972,7.725987140701217
-7.140166358943283,5.123266577904921,7.726886211537802
5.230212634349446,-3.0485695152203585,5.203429550632723
2.364361266325222,3.2982344897443596,3.307919877724581
-7.977546477544195,5.908999215794584,8.567575759924994
-8.317863877700052,8.543556389589053,9.055053766494806
4.019382629182399,-5.307158362890929,3.729405209503066
-8.544739872716129,-2.0136816838138376,8.593263548425767
6.437201185807126,-6.951679733391652,6.187645476186514
4.1248445431299245,9.849670043167503,5.528876815157496
-8.373024387162005,8.540019358485907,9.105895627389359
-8.30324571829616,0.7991426056111912,8.463773548704308
9.732791570023508,6.840665887528424,10.284273599548293
-2.514584084877594,0.4191595454408432,2.606702212873913
-2.587157058662182,2.471713760055195,3.3197238979117287
6.255991345150051,-8.217511357679667,5.904212342166848
8.944971547677174,5.1054084099361585,9.430764358481316
9.720021276457416,-7.445730327295303,9.555883624896559
5.0675637051788325,6.521352605050566,5.974905563343193
-2.4748082893816843,5.640561753407718,3.7949156010381815
-8.329985666026625,4.174893954859529,8.78137266288291
5.542938318548735,-9.276792389504758,5.038592402215355
1.1680849947161,-3.937432881093428,
-1.5155598150604739,-4.737748601783142,
8.12708770189472,-2.7972718505696186,8.147154712534714
-7.776050353876974,-8.24714506472323,7.508710253544871
-0.14749791418281788,8.739156460621256,3.002463075723061
-9.772927104651618,1.0760448142475258,9.946811405639554
-0.626787160117475,-3.8895137868395295,
-8.873934486363254,-2.0603696585143316,8.921454326095935
-7.623641674638561,-1.0559491899032878,7.690881446718615
-7.649475064457903,2.0118866672123463,7.953619639991733
2.984206042321272,0.31358855392995544,3.0253486569038506
4.920897585308467,8.387839464288348,6.026885301165716
1.667375301943192,-0.060730341883395766,0.6552472286777228
9.243450969490837,9.843160296466252,9.989756666063563
-2.5025884095259183,7.028499154901915,4.019794354691716
-4.285758274362785,-5.829789712853284,3.9694096160340178
7.3719825637892065,8.611904292878325,8.191999960602612
-5.528083229610948,-7.672672042290478,5.1608660343079125
9.264450788812226,6.348994169823833,9.810888011285066
-9.756910506203674,-2.3875341304683984,9.795815708156825
9.39757653415278,7.559486408901389,10.006856959966688
-9.136801760988478,7.361133802149006,9.749400217414538
7.822862273961423,6.118508002352424,8.437064118716597
0.5540221817259976,5.800608726141228,2.6972136761840075
9.859295922386007,-3.9064172180391843,9.846336083393737
-8.524068705292024,-8.381614338974956,8.279315627864928
1.0770856880264148,-1.9403964246967718,
9.38605071238198,-6.529509700269827,9.256564954223537
0.46195688340297636,3.899021778049235,2.168148499868435
2.5879727627052507,-3.078005469244289,2.3863684157488785
3.9149737796923425,9.512204017198297,5.334473540328126
-0.9091787046445354,2.8194415469066403,2.14181527841558
2.551161601681269,6.449611272687218,3.969711001734298
1.6862862384620048,-7.349506545163031,
8.023160209819778,7.2402896454524495,8.699044947300388
-9.091072393170842,8.455143810267888,9.769585914230252
-4.380736208155394,-0.2587616236212824,4.3654847248543085
9.008229681531176,2.1250587550195483,9.285752461175772
7.805275677818326,5.296196018059909,8.363032531877284
-0.8868649442857404,-6.503227454791749,
2.4026519560307342,0.05132152926884892,1.9315760712667978
-4.452376340377347,-2.026739444553738,4.4717761472735535
-6.237576805524774,-7.072520156755018,5.96838779711794
-0.7260319012003578,-2.649311554169371,
-2.9329554394789437,-8.636553812290128,1.7882080510040992
1.6731222370174414,-9.48376186101026,
-8.445307260700304,-7.296674216903545,8.25515415372064
9.48789615332333,9.262302231783476,10.186188943077388
9.724214889592059,0.9905907179003393,9.890202791799126
3.9632342803949037,9.3164432230644,5.350935482809083
0.7219273268824082,-1.3500424333973609,
-3.8094476742734447,-3.7636773382948085,3.662116184795378
6.275900394138972,0.12283725680488189,6.2649489273801295
3.694623451077586,-1.209766227341797,3.7333338987860167
-6.747661213102174,-7.886706314765122,6.451247948035747
8.21854368987685,2.816526293804124,8.573382297427843
6.450744858463381,-5.679236349808008,6.2875977339119205
8.99599826583848,2.391759097956591,9.294544252286515
4.5143901677672,3.0040218479630667,5.0981332418178384
2.268303918715798,-6.959502937427038,0.9720288909508266
-1.6351392741876225,-8.773007457786637,
8.654569667080267,5.615231721368797,9.18696784396197
7.321277790008168,-0.8039915246135969,7.387133089141202
-9.095626597876212,-8.836724089890485,8.847621660783494
-9.47266051005496,9.897326343395342,10.206336166573466
-2.4707326624390085,-8.844388780072666,0.5868807903475796
6.211066615636657,3.900704577171064,6.757628498047739
9.74552258629889,9.67357850526827,10.449640914717998
-6.991662177929436,-5.216397915681488,6.874843090973801
1.8826143070427026,-7.1550126262560765,
-2.3821828673795693,-7.572301211551422,0.9975010039110247
9.398287956292066,-3.9344970486480886,9.38102500049895
6.842378462714173,-7.979083779787066,6.545152269977575
6.766574094222758,3.843226833882639,7.272417690023686
-0.6261368041005948,-8.754164037398747,
-1.703609953246696,0.1884425629957942,1.3980403832531774
-4.531858561385875,9.933937077059536,5.854807265302366
-8.872490066981458,6.2794053901203775,9.435079022335199
7.294447525101063,2.3043887646202172,7.637753751598611
6.258020182601552,-3.874927584267766,6.202925105674741
9.994353465722611,2.4779167258327703,10.274943132736636
9.93273674147811,0.5408292782330335,10.043966989204254
1.108634112052549,-1.4783323221925713,0.49475311343361317
5.37974830361021,-7.38579246519601,5.023753492359804
8.89531459764856,7.732084304809334,9.544087659331916
6.992947813548231,-1.0043070235735492,7.0601849876864735
-5.053037965136047,-6.107549763584698,4.780706875060604
-0.9891172937981292,-2.6448129824542077,
-7.4168116969701,-1.717404949421459,7.472366055973888
9.081020545174447,6.5507579113374845,9.64890975131211
2.123492689017601,4.672287611228041,3.3876569843574056
-5.427143889930745,5.386097872826795,6.181846233061592
3.434013688117135,-9.779374711427057,2.3509743924250293
2.3625648091579166,-1.6769200364047698,2.298151224942051
-2.8367456393431905,-0.3731169672935266,2.780432165197821
-7.72884815600742,-9.616154463538866,7.3774889791749905
3.4314639118559924,-4.803735825099316,3.126274081386643
0.40615401807586693,5.2057964624427004,2.4737638168331695
5.446367834712786,-7.257805885420019,5.1070679654029325
0.40327002223986774,0.706202629051834,
7.043630006370801,-5.69596255965525,6.899901620398022
1.0381367754897113,-9.757584507122134,
1.2187594307077259,-5.17597084800917,
7.533072053166901,9.517475098201075,8.398635733442354
-1.9303426757520583,6.030742237659791,3.4945003529596863
-7.319695430987185,9.191532886420667,8.184028685800492
-9.42434647373322,-0.24291912147275063,9.455350707524266
5.1027451134723805,-7.8052760264499295,4.681592703104355
2.406191027069294,0.95918977947386,2.754146640641879
4.081595361984471,-0.9124533088007816,4.130597651548998
-5.740716769821786,6.88714165479232,6.5969849860535055
-7.272570488264605,-8.038348384315109,6.994302435803985
-9.709106686642361,-0.23517725956443591,9.739467332387163
-2.9882488238680605,-6.999026706120315,2.229588070210314
1.7983537370926612,-3.506481462198801,1.2526290191855194
-2.155119098005354,4.747141547755993,3.423020379687012
-1.2505015595254179,-0.47963741262466897,0.75692575944444
8.083173889874967,-2.482234297084613,8.115072983113517
-3.0348906595339926,-2.110474428599294,2.992853998104167
0.2797897831962164,-0.8110646318802672,
5.673060254822861,5.700330876741138,6.4311893497952575
-2.069144353574597,7.841693778804689,3.861300578178125
2.4417340045574694,9.106693730078565,4.262684229620829
7.247274174934905,5.738067725105902,7.873296554460791
8.990412473152844,-3.6918620850397454,8.979863252967977
-7.058530381419241,3.762694121730842,7.540883062233058
8.531752503229889,-1.2479375188921615,8.596984951325036
-0.15767413840923616,-4.906587559078977,
-4.8351122340208335,6.817431588518453,5.804406002904995
-0.8172848752347743,-9.2314730207535,
9.600651505709543,8.03523984270847,10.225136526552124
-0.14763812014260758,-0.7704507075053169,
-3.424967794249836,2.744029536165609,4.088392528862646
2.6680170863345154,3.187078444115654,3.527865331642735
-5.197087624436138,7.902354814130728,6.215089201247012
-8.482733437826722,2.7333936433441473,8.82234304976827
-7.4224055617870155,2.2786716952012362,7.758793199110198
-7.439083220844552,-8.666959188786201,7.13016588849435
-6.9619461297541125,0.3681604389040807,7.055358030856216
-7.223456547011797,-6.996619983659167,7.007457831506244
2.817494896064293,4.7486753744297125,3.9090493383699254
-6.3623983120171035,0.24443841625348917,6.416086363065036
-3.086654333522736,3.6045555841670662,3.9422426115979725
7.935768198120236,-9.166541987952314,7.622126683648834
-0.5207671947425538,-8.304159679083936,
3.3511547704205427,4.326467761253646,4.269749699943664
-6.553602575967403,-8.558313280026532,6.198250678841238
-6.1542196238265845,-8.574865444694828,5.767627501771259
-9.182627674670423,-9.757830495302251,8.89146804579897
-6.621298738556709,9.130027965989601,7.554699546882812
-4.4281932193608275,4.750167189180139,5.235000844510501
-6.459790314465064,-2.934971829958717,6.460357094647998
-8.225949324858888,-4.069288374246895,8.191929917172816
-7.587282577987984,-3.005935405083009,7.595260615428568
-0.7844246393454846,5.4930706236236375,2.7511952450331494
-5.87332563188415,3.2274122214082883,6.376948162438016
-2.714602779038491,-6.296088642650641,1.9777648576483962
0.06834541709713804,-6.517813293318313,
3.807896572587307,-8.032087005732054,3.1446002374018827
-9.213757203178021,3.206054394026763,9.56478514807381
5.988207978180853,5.287453244434719,6.678414252987462
2.5580077898181557,-4.6990714334999195,2.0810877178907843
-8.364819361022562,-9.581100779381744,8.048163106698814
7.471572482135546,-8.356566650471454,7.183451944826643
8.417448010636264,9.357200696900609,9.196580047999984
-8.778440802902725,-4.091104450451595,8.749344675847931
-4.4624470370559255,5.384462956762672,5.336394978825847
6.124025595861227,2.493271377085275,6.536266226790405
4.965193807673167,-2.3612072069420815,4.975295738842469
-6.3095796128724535,-5.886254756088897,6.126926563753639
-5.813013533265794,-7.572271636811871,5.4775402257304915
-2.5905579441723603,2.300259360777332,3.2857487700669537
-0.30954029617957346,5.492675612755759,2.4737096248371144
2.365095430605919,2.878085070822614,3.223306533060186
-2.621727208604552,0.6060426649831658,2.8182485111656437
-0.7493056773370412,-9.160975531367274,
4.94941876267513,9.369775551887678,6.140299742705453
-9.266335942188043,5.974283833091491,9.790460555987158
-4.951261113119585,-4.143559265980706,4.836592271768994
4.266991717691049,9.599406587177015,5.614199431079911
7.9041367537439875,2.037631792726442,8.203181341670843
0.23354884231332207,1.6484531641449287,0.8651425020561656
0.6422697053063136,4.961463588590643,2.555959267420474
-7.856559773204479,6.235395761802749,8.476586465424752
-1.0517526635309071,3.1295721466300535,2.3296158671927327
0.6523453291004628,-7.4380850726759995,
-5.150589927305407,-3.234649880110032,5.10949690964172
-4.615135381012381,8.561672806520995,5.7911815881130035
-2.454316737907547,-5.507687763122961,1.7663454323080383
-9.598576044445473,-2.556659523249733,9.632046451777162
-3.5584166883364343,-1.3584623411160806,3.5888070595604096
-5.7710398600691075,-1.2119002061109558,5.834213116533014
-3.4500529564417075,2.25879164989051,4.0267700002445554
-7.604757363614976,8.86151675489415,8.420471677760412
7.810545614797899,-5.1861457633499,7.7149168922132745
1.8718490710809732,-7.569972473981639,
3.582046382889793,-6.050590202801254,3.139515274731819
5.783424772146766,7.7384980041853915,6.707287360779717
-0.031156021418855318,2.916216253104121,0.7202264745137363
-8.261594238251526,-4.281864215216798,8.218155583664851
0.742130836370956,6.3189387793723455,2.9008651321718166
1.736822360417582,7.227399927268721,3.574057694219933
4.908789483686601,6.9302867738055625,5.878216526567764
-1.3668090754064117,8.37853067279109,3.5615795883680166
-7.448393944088725,-4.955179596532768,7.357433288424888
-4.324481884025511,5.100838574925566,5.186104456185477
-2.738354072027298,-0.7892100545172003,2.7349601899772527
2.9183448266320244,6.839971057801229,4.283749257439337
1.4155660933782386,4.569813543232264,2.9052784425837723
-2.878065482043075,5.528948929994492,4.071771842860314
9.730304975859593,3.1232367536214305,10.0606255671077
2.1154963871377426,-6.451424610605862,0.7984302180147216
-5.25546416528011,0.9005383779387657,5.484063074256661
-7.964350547591925,9.693394790490164,8.801743835246429
-6.94281721631336,8.747761329942378,7.813896446703506
-5.080845432309838,-9.136525284059767,4.529483727944877
-6.786372534808887,-6.7037036854112575,6.57029110624029
-6.268659518973885,-7.365424530908761,5.980219633324391
-4.298096626123058,4.519598199705911,5.095078820080647
-6.5325280941049035,6.3557065971389015,7.263317217534286
7.9353084925285025,-5.729772673786561,7.813856044580639
-8.395325086767155,0.11705385903658083,8.401255326956466
0.4902277914050934,6.814060560224,2.874106285269235
-1.7920634602067693,4.656030895325012,3.1605463789860413
9.647572338172129,0.8447441098369666,9.798896923457589
-7.759221956638953,1.8069538091754573,8.04070915383306
-2.042888019085167,0.1672109383255993,1.807337195798676
9.389408665507379,-4.049030973623589,9.367498279547062
7.310142517879605,1.3004398571803222,7.549211138766072
6.3414414189856,3.7777060410018137,6.867882378516802
-4.841943459101204,7.466458317216155,5.873551883271098
-6.582248252198683,2.7258270795849615,6.995639170033628
3.3728643984886197,5.22243074086316,4.412184300021438
8.587519782551716,-6.79856730090854,8.426977546839678
1.135257860278596,-0.768850511604203,0.6196458592751132
1.432253789397997,-9.813367603458135,
-4.4004181267943165,-5.06642270956754,4.171521489202238
5.389858663838737,4.529234302260097,6.064229776161339
-6.259125028849533,9.83619902698727,7.289235550868567
-3.526415271915127,-8.016438008255681,2.7858468546572928
-1.491271227671664,-1.970113682774235,1.1539048353006616
0.15220757368910043,6.00141937398319,2.435995166187209
-5.151805351698395,-5.919287307422023,4.902996464992514
-7.703263505215929,1.1016989860457258,7.9107815801449775
2.212400848832651,4.661425920593496,3.4481216788554776
-4.227388935194885,2.319709005203581,4.740627858532531
1.6247644284522451,-6.239505307691678,
-6.912745694515953,-2.892308626285212,6.9201998769069455
-0.3771979629036508,5.675835689707945,2.565023718163245
0.6517886510317172,1.0845302826403334,1.078179381095773
-8.963529263551461,-9.895407729141745,8.656482192763608
-3.267914436121588,5.219815200561877,4.328474784005109
-7.311706461220515,-9.293772901195219,6.956011770963142
-8.732500590544646,4.914675654624643,9.215775591034813
9.799204647798906,-5.950388796695252,9.70256567708504
-3.5529231005055406,9.161469602387605,5.026679762678179
6.197488917092699,-2.6411849739583104,6.209915922972947
-4.907186904724723,-3.461367673238418,4.842672844897026
3.630054444478585,-7.022238993351106,3.0648631348362465
5.204557197793731,-3.887915690195703,5.119268283908506
1.9127748121568864,7.533015236564012,3.7228447562443945
-0.5684762289968326,9.926686752544946,3.4612545351758883
-1.7631817170546285,-2.6338093898630337,1.4179392030894322
-3.0226346691400945,-1.0277873809091496,3.0400773243408215
8.590582884956518,4.441418764054742,9.048821664953683
6.612388155754584,7.723915609301489,7.441831700151029
9.300538213330253,1.8608866837356821,9.550498578506662
-7.514055530289106,-2.1694860364434128,7.555316677884958
4.617349504072886,-1.7475631830275251,4.654073103260541
8.766809136420758,3.912362929936137,9.181743831507355
-6.3753386766867965,-9.935634727914426,5.9040556816445395
-8.67007465266445,2.3917867491968146,8.977410501565839
4.822412985801181,-2.890139791172852,4.795842627558664
1.489462263598238,5.883946625541686,3.2051657288991144
6.836575535165441,-8.140187203537357,6.528221654916848
-7.20455246747421,1.7640453389678097,7.49746252865164
5.905346237197804,-0.38054220227752467,5.941571498036204
-5.967453599045109,2.846510518104548,6.425684955158807
-6.72688114268591,-8.702928110340633,6.373207429632039
-6.714684041380141,1.5996757485626247,7.004338316493173
6.291494404627642,1.2296917591904748,6.546644618813579
3.303944413924002,1.2132018883234181,3.6766330607744897
0.4613084953823865,2.069753331929096,1.495426368728153
-2.8233903175299506,3.5293587445272436,3.7148278867822366
7.5440108162621655,6.099779993615396,8.175627552212209
-2.1510978515472923,-4.603585597435713,1.5219888920419042
6.331988789431541,6.500988203601242,7.093140263755675
-1.217301828595632,-0.034886354730927494,
-2.4611114115018484,-8.458834417313376,0.7962784639282878
-0.7464042866078717,-8.828981415120417,
-3.972442516717159,-3.3152336260787845,3.878527448421173
4.952187603525022,5.697939542229351,5.793275036407836
0.05440780184958349,4.153618694818315,1.6338026544286954
-5.355746097063654,5.772299293448128,6.155286838421675
7.991491465491368,0.3453811288321873,8.076174071321008
-2.3221755725357713,-1.1960200408901898,2.2842905362120405
0.8710572222797719,-7.0509494658743215,
8.12944221929094,-3.4361449278137695,8.122901474530241
2.484759918279842,-1.3196126765224943,2.458034475785465
-7.662039185832718,-8.227991406407655,7.390715335254085
8.796642472269504,-5.587760945775775,8.699891183868463
2.5541610614283563,1.9645058812747767,3.178239950165096
-3.3018877068582775,4.713262284783797,4.284926994538903
-7.214558546732254,9.966950227858995,8.142001037781547
5.880503785405919,8.662266626871155,6.868275639242153
2.4014551185702704,2.85130399070383,3.2468664833162983
0.6692218395264309,-1.5750389341185596,
7.877851661019154,2.7235472941646535,8.237116273608253
5.771944224490614,5.71303236160464,6.521052937545062
-6.9665024053449764,-7.633276181532254,6.698694649610339
-3.765558644089035,-1.8019022060742351,3.7805117130545653
-5.030217203710685,6.7960457127123455,5.969165345695521
4.878925851453539,-2.3233409613391203,4.889632686121466
-9.329351305284412,1.4374454245437303,9.54307467297595
1.39779369742633,1.755387217243964,2.1463454917890257
5.249173714813811,-6.310474937327212,4.9742970728187546
7.535312735234989,-2.7552911669542324,7.553725591399063
-3.158365025681851,-3.309774225161357,3.0020709325725816
6.425146093440258,-9.476065829358705,5.992947946939145
-7.7873652608958555,-9.516164722172896,7.445292974003118
6.929045834690363,6.633940873515471,7.646799212620022
-7.450226753360352,-4.538583800543751,7.38160919920228
-2.0542541887926546,0.36157532477630916,2.0698221087971795
5.9459073155910716,-4.025488528224539,5.873982864387322
-7.001651453024524,8.813584902306811,7.8714133600695035
-5.414972095347171,-4.814064822684525,5.269588931088628
4.445051367861325,-1.4068637452212975,4.492746629371842
4.400730730921488,7.454605009692038,5.505600652213389
2.8229526577059456,6.838671335836175,4.2152235867184995
3.8789688893420013,-6.277971643074453,3.458474275037114
0.8544888669519235,6.052866195914209,2.9028085582188146
-4.964018821860945,-0.8362622652421479,5.022810294731819
-3.086080129921611,-0.3406225582928961,3.038616370542542
-6.368045663971486,-7.330400551681125,6.0880972237669875
8.169011226672566,-8.387969724857507,7.910241530888863
1.6678358953224084,4.558786139475304,3.060889743000296
-1.9829716647272022,-0.0707769528940041,1.377597319678694
-0.7598839271173468,-1.262985947696409,
8.945666792236306,4.590164573047934,9.398414976294902
-6.932971937678396,5.310257979822195,7.548661262674992
1.7245966403359443,-6.821836646612929,
0.11777357768932006,2.204502989552825,0.9326759116149353
2.229084708692957,-7.292918354446289,0.6814654280657249
-9.63779632358319,5.027501720580913,10.089362485593654
7.442478178883029,3.139103125342791,7.853707760076412
8.642365649672247,9.13229242166916,9.391020686884307
1.3026636717841793,-8.620839672871575,
3.9330164775378442,-8.858905576974914,3.187560658490056
8.449987623545915,-4.3562585061359975,8.405463155400474
4.144772686267972,-4.765886325281881,3.9238483366947055
-6.949219141714773,-5.060424018560004,6.840416817599081
1.5257672033362635,8.125091610420732,3.6014596402275747
2.1343009276571188,-5.009076003009878,1.3840357918233896
-1.5173865739522796,-4.56100547742738,
4.728884712494457,5.187965248359275,5.54529952526639
8.687340295380295,-1.0052031509891997,8.753955377175311
8.511370258135528,5.534211139103624,9.045992858217266
-0.9832125719173579,-8.692676848712296,
-7.735239083184895,-0.24857612653231342,7.761386976832743
9.696823979246691,-9.327727996334348,9.444864062785857
6.777961728918683,-8.74693593089291,6.42465634523049
-7.506746375934663,8.128749066888219,8.281980403135282
8.416837652347446,-7.215092577648097,8.230095545844
7.3979272412425665,0.6484136455043412,7.546238435552301
0.3767611425214419,-1.7780879479858687,
1.8255087148985858,-3.053133474823147,1.4132854352395732
-2.019945922597395,7.99666691374545,3.854730081744749
-8.904767223559373,-9.56353206449021,8.612542664007982
-3.296055167081981,3.275793723511782,4.064364641060114
6.057068971960227,9.267888684271007,7.069919011288214
-9.907359539907944,1.2033636692368397,10.091458531071062
-3.3300165661771164,8.736449240661837,4.816216429131131
-2.0366261281811333,-8.954842414279526,
0.7479120587584571,-1.6241336185167725,
8.397112328255211,-4.796844180758977,8.331296260980421
-3.073080112680775,4.616419299614595,4.088097404961913
-3.0609359620754457,9.625941809944933,4.730586986706542
4.750024962194967,-4.869398751115044,4.56447792560493
-0.9556411822038573,3.083492029481489,2.2533157924156826
-5.507903541200361,-6.0380473448051974,5.272875763279342
-0.9512096773461316,1.306605091432198,1.5584660477536119
-7.182859592404003,-0.7213502662332765,7.246874414541514
-6.472260269875534,9.440106592630741,7.445989004761264
-0.03264454521040605,2.170545453929332,
-1.6214910099090414,-3.0098725582636243,1.0975447042439688
8.296918021362,-7.718084302241333,8.07961723474218
-2.7521220176673378,-6.975063425301309,1.8851593706184764
1.6117670055608695,-5.493661400975299,
2.6452857583906066,-4.98066677319404,2.1436447558532605
-9.738110868233328,7.0123211568227575,10.298875683717908
3.270747440334212,1.2244557656504984,3.648254320940192
-6.439280662604972,0.46781822748732793,6.560098707602857
9.221406349389103,-7.704622562615651,9.032887718658166
-7.026745444937741,7.202793866988699,7.778312030836122
-1.7075175254595258,4.456286064169674,3.066147165129647
-8.293006638427123,-8.646632761999967,8.024955382931267
9.937485036918947,4.156701944595373,10.32624552951863
0.04390020662485128,0.8707643468529209,
1.9077003464008762,-8.365493085064434,
-8.65847045223145,-0.8339871694268712,8.724226282395872
4.999209407983557,-0.3060742573990609,5.011124893052469
-5.801888138088285,-6.684509196734485,5.534923031538024
7.961085788814273,8.913962940005646,8.74957337188856
-5.897207190359857,6.999507429613239,6.745137414189799
-6.186245586726669,3.380446746582166,6.685089188190867
-9.269006643038102,-0.7540887799878568,9.332996646936104
-0.5586610978000159,-1.764689168309829,
1.2968226652523285,3.0194693430190824,2.462969069835186
-8.685827211432953,0.9086373881381089,8.855400340968492
5.510552333900211,-8.754537882362287,5.048552880141115
-0.9342233050394473,0.25005297540663385,
0.4878053865516012,6.12807234465679,2.7314955476888994
-1.1847450612354375,-0.8152024480608393,0.7440613087945737
-1.98473878249348,-8.960868448914631,
1.1928066261643586,5.725563987680662,3.0115779472578588
-6.89519508138575,-5.972724357280512,6.729711644763331
-6.3614373900945775,-4.8275833022392245,6.250192214112009
7.235712420270346,-6.705872931354082,7.037874240187372
8.922309242672654,-3.3956987025700496,8.923170280755087
-2.533813674404941,5.1350301137727,3.7577989710895063
-4.585106537128924,0.38771719007874594,4.688950137469534
2.8799908647803143,-5.902374516985748,2.285850983086186
-1.8253165780380716,7.556601563040818,3.6759430317858706
-9.492272886793103,7.591637099030585,10.098138789073708
-6.876948052676193,7.41156850092014,7.657362474580008
4.3194445769479515,-5.224075772369215,4.068160567299289
3.178478838203027,-0.9752131163802389,3.20293897649268
-9.45808014993033,9.699793122817503,10.182045335861888
-5.560556761341012,5.440249526199807,6.306311456872285
-5.378504068238572,-9.456651575488804,4.837435589460174
3.4378548719745687,-8.695908174790159,2.5535540388649127
-9.605789244912717,-0.7213724637533439,9.668794176896068
-7.917828360308523,8.184404117231203,8.663010876029329
5.998321707463788,0.7740359590542845,6.187830155411358
-6.429106758913328,-0.04374983931419507,6.326233646494877
3.0549221570374936,-7.890526000867388,2.150451184261327
-5.23634437906547,3.135602094485881,5.775235872174057
-8.011172144813097,6.442063212004509,8.635081255826892
-5.136556180010919,-2.3915998498487534,5.147907820350584
4.445338637113183,5.51223701850655,5.335925336832494
7.113929362125717,9.289533078016234,8.005527283211537
6.604397291339833,-5.924670817446218,6.431193790821216
-2.056329407630903,0.4665926238948259,2.157245252942627
3.3617027314129224,-4.257240838308489,3.115264561300734
-5.900314091683581,5.857088380676787,6.649319736884035
-4.137045394779735,1.5518673176231506,4.530612839701566
7.926716370422394,2.6916483510060747,8.281598481995463
-9.73996152978528,5.958283192317882,10.241394111474714
-8.28982938291064,-2.0805905467509023,8.335967958731876
-5.842274897079454,8.301801368140865,6.805554358236186
-9.469355922523606,0.6605773449227996,9.600140559571226
-6.371291298204054,-6.84090354329304,6.125942478327268
1.6608312193938435,3.9179823633760495,2.9239079555251783
-1.5715089881500415,5.865227008765089,3.248991380773523
7.853434221539498,-3.664766458649467,7.833988648270106
6.3488712347688185,7.143585139975059,7.16004489547555
-3.1636529660424806,8.122865095315326,4.623632282406262
-4.81153133137415,-4.461910252443822,4.6642808534617775
-2.4061518366546615,9.67042945430444,4.313594505499866
1.8058988502961544,-7.185769439024831,
-4.638727183542475,-5.9596866319502,4.344831546477301
2.4829781569826803,-6.315503215239477,1.6131160716479573
-1.811766956175191,7.879794200157409,3.7176468469194948
1.0409436170396056,3.0858510464992364,2.310058391359904
-1.2774694172936663,-6.957914335554543,
-4.110684809161647,-1.1935316326330199,4.158690211237029
8.969066139243132,2.30596050139604,9.261716189017278
5.272115883195216,-8.330718300212334,4.821500704805878
-7.1977364846709495,7.648327368146774,7.966429027464045
7.369359517958255,6.072070708830704,8.011277107760463
-0.25137603500972716,0.10413547153276426,
7.891044537881829,9.342532305183408,8.712716112551968
5.997105118946305,-1.6447804144980065,6.05056800263374
-1.4957299106153314,9.682206380729955,3.819989329261158
-9.550613833597652,3.3583999760725405,9.901550114286923
-4.626452812301078,2.6934254650788283,5.1594665735282765
0.8326842932173388,-6.6809020940843,
2.6695643965229454,7.638555166092878,4.216663730476571
-4.842246291335954,-1.450206241587697,4.893488265962008
-7.212878518543517,-6.755331884350413,7.011168579640903
6.698604735985981,-9.74784960048482,6.269162764813709
9.688043614071042,1.1951136727676506,9.874332207978965
0.5138036460537165,0.547992442453527,
-6.5664142830339305,4.387072447383172,7.132005260251174
-4.553853469612621,7.805161060356042,5.666877576168292
-9.632186469050666,-8.41186830713941,9.42135349710921
8.285976131209981,4.629929806807247,8.771227760370241
-7.644978342197177,-6.251761118048355,7.487379043697431
1.5303295102850711,7.163541063143278,3.449628526699221
-4.51889558625588,6.381270277233121,5.4921145656234645
1.0835600503158673,0.8158750997108868,1.3662852723830576
3.028407767037285,4.20485597246623,3.9900359157830425
6.594836074144034,-3.7129977363250326,6.5556839157953855
-5.871574564787936,-0.5766420213437069,5.926072482435711
-9.780083426830391,6.432737954209433,10.30652793433925
-7.2622873986238545,-0.8146960565357215,7.3282929035010325
8.0003728369621,-2.844034693491164,8.017895153519227
7.477801551250305,-0.11575105499400173,7.460388083188087
1.9482620434061655,6.564985048744369,3.5929650686070564
2.010337208673068,-3.2958390525825454,1.623754874734115
3.3007334909251096,-6.524768137285124,2.7276039985017375
-6.492574427531008,4.240280406615614,7.050467476163818
8.288238918499196,6.5195642541616365,8.899669301606009
-1.6245895021585373,-7.987250429529333,
-2.337229435010051,-5.2025177448811055,1.6607927633712491
0.37835410565675076,-7.160560204780122,
-9.0606806644989,-3.0411717683566675,9.075844284291184
-6.674332624878412,-0.9929804218917475,6.741287744368164
4.760672328527409,4.976526739266129,5.550283674590621
-8.344026641497472,3.0229516976334825,8.71054027828471
2.0630421893277635,2.418571349568623,2.87785912151612
-5.093017806373581,-2.952501067806912,5.0692062971557625
-2.214087719160469,6.8289510616952,3.800940281990325
-4.226125264586003,-0.5742566520367092,4.26291975135421
-2.8865456707010173,9.58209876030309,4.608058358156593
4.380918103684909,2.682842765914737,4.933499921773362
-4.057565687536499,-7.474705168709946,3.521539723698978
1.3280928059379438,3.523551241508681,2.6135407078827964
-0.4789919560180067,-3.49791969136602,
3.273423307252962,3.726543933721949,4.116207191974259
8.73659478649516,-8.607177036751885,8.487698646998762
4.651441944205006,-6.502371256480812,4.306145038192607
-5.701192428184864,7.114745178115726,6.581883092881258
-9.376337298774306,-5.456408859529702,9.294851926904125
-4.754719114003498,6.7408225048588015,5.7284811190497
1.901558614005097,-4.414478230911792,1.1528271556114054
-8.971483730314993,2.8576382011741526,9.305332077741609
-0.07267505597527268,3.883011470196621,1.6196132489983996
1.9368569783377847,0.25309506290105865,1.814272979546517
-3.315122183660783,-3.8937864660653743,3.107108813044804
5.418244074916439,-5.747112472578078,5.200838944278712
-7.868034937324564,-9.336212908751476,7.5409860036349725
-8.497244365283825,-3.921071975185524,8.472791560415782
4.563775124072066,3.0632558106256607,5.150624010114029
-0.09017367587603076,8.766096368969652,2.9221741084309447
3.7680479285547204,7.424089645261041,4.995354039920025
-1.3034532279250755,5.3212955307060525,2.992828046254005
-5.071959335217864,5.768946865065974,5.905077061950735
6.382046353483993,3.2996980695199056,6.861306981088162
5.988317579379585,-4.79426284867994,5.867104485786225
3.893929417088536,8.143900614116596,5.173323395677451
-4.5570972554007465,3.4146462381166813,5.189079049734424
1.804613337381742,1.2088126196087998,2.2902896847536525
-2.7805220611994645,-7.780210615730379,1.7393431024991295
-8.168358533467316,-1.0588891238714915,8.235331222508949
8.346271509244858,-0.792834575961475,8.411723233613852
-7.263627381620772,7.291272190453398,8.001319410909794
9.004747076416049,0.9329644037557685,9.17315638010573
-1.0798845408408848,-2.391989020591807,
-6.297341423227607,9.536006570213186,7.2998436913569344
0.8380189475671624,-7.785588133473686,
7.458916717528165,-1.5490314337611082,7.518872735388645
4.644497728191224,-9.159506496571893,4.020239817053439
6.131222957228996,4.798082415338607,6.765470267583469
3.1756673342143475,8.361531043983014,4.661067839605402
3.8455312903570498,-4.399253408990211,3.635547292119157
6.983913031306386,7.166833535982416,7.73659796428742
-5.006639822816281,-4.155635390762045,4.893468837058276
-0.21150072713719048,8.215403232878305,2.968605696820204
-5.5758111636079555,5.079238071935679,6.285897491656504
9.753360159932939,6.098135536828771,10.262152058821794
8.881186793732265,-9.639868887990911,8.584023105798902
-9.211463772629882,9.25620714148052,9.927387124281882
4.111503450313769,4.533419841406465,4.935903748506255
8.504966348313317,-3.904978092277334,8.481295710910791
-6.388493097453329,6.58789329717694,7.151256490128963
1.3589046110525889,-4.369576031701401,
8.309765951760838,7.455076791322558,8.97962213330816
-9.321080428284024,-7.74839219176126,9.133121704502434
3.9484053449367984,4.073719549215916,4.737245252323623
-4.053019852548985,0.8139695328982057,4.293549739012248
8.487923907530607,-8.069310596091183,8.258465605131361
9.421164903307357,-5.16212343482322,9.35310277166999
8.885329782268677,-9.751919274453705,8.582484008559419
-0.5157156668507241,-0.6246406907098834,
7.240853019786268,-3.9746947847999925,7.198259834896063
6.890987970701406,1.9671496859551763,7.215238388310036
-3.6179905351348873,-4.055243845827656,3.423527604355505
6.578309483013548,-4.001617769860307,6.5225006248461925
-9.259847305690148,4.863863974632068,9.716797663670683
1.92539756964106,-9.03714328043293,
-5.3998232542459395,8.057899903839743,6.402266026025903
-7.588662284454424,7.045277487823629,8.283241250656415
-8.460935967415818,3.35609366452813,8.848150575627232
3.925775517562794,1.8644314021476855,4.389380919977067
-3.2025007246386767,7.846049962793046,4.618008558985652
4.4953354305752296,-6.293396409425711,4.1541768627279465
-8.692873184021153,-8.420616756183428,8.452136654569584
-3.6941932433877938,-5.209796601809238,3.375584412499427
0.7898258475067443,5.891565574003806,2.8377754322283932
5.814463296779271,-9.306594665470334,5.3378329406390455
-3.6249499413586017,1.6561367016697925,4.072926080820765
2.517827528740181,9.908750323826197,4.411918002875494
7.719554964723741,7.113921876750787,8.408998818962077
2.317263763646091,0.4289137808717882,2.406763979151313
-5.340810504927324,-8.727181814267153,4.861984672762607
-9.51198436886924,6.627470287714196,10.062260810245233
7.401977478018598,1.97957016354421,7.710607477490314
-9.574611782992257,-7.701340058808663,9.395337145250409
7.49403345368399,-8.122854303532876,7.221251406331585
0.5787426805442397,8.192536388731849,3.1755008583906346
8.781353970257925,3.3840052587615688,9.159032340371434
5.975664715473307,6.585735986335109,6.779889837985288
9.958682210666751,7.579578005645345,10.539394273837509
-2.985763690965797,1.4354470409664444,3.435922546238664
5.343765778622538,0.3489270351008251,5.433948646351459
-1.9613817278151569,-1.3914517935801953,1.8599901436732935
-0.40248759392182265,-3.6610682441776143,
2.5501092643674017,-1.3080807828257655,2.5297576358435263
7.4735422837267755,5.477593114603128,8.06495271288792
9.681669383985902,2.0384686203026305,9.937586420967152
5.365468277290365,7.8504657990969235,6.354468676232736
-1.6446643566533243,-1.1323997124162446,1.481349546466241
-1.5728599544585968,2.1417915743750804,2.414584490765646
4.751646031777829,2.6261510618397743,5.265766939758408
-5.224457084633953,1.8339432461265108,5.602563198078495
-7.790517737372107,4.052675461710326,8.258155161313594
-2.9075568471844697,-5.251330632503874,2.4348204949311727
-4.255220166918365,0.24727555091581266,4.29011290646843
-4.073837590880198,-7.915503943833047,3.4862669986731385
-5.327844979001801,-2.3097734471037494,5.346611539594985
-9.158136207272761,-0.24665862757471224,9.189107294925359
-9.642521305331723,3.04448519090945,9.97006603564644
9.75444779472063,9.010621051724069,10.422859501841204
-1.4445373252827522,2.013021330967117,2.2731333525524082
-2.313467056806367,4.871878323531195,3.5561545230243286
3.5929456538613973,0.12532118990405472,3.4980961573324896
-5.634922242698717,2.682080627526627,6.095080434585433
8.999223679004508,-8.581355677324531,8.760787713928867
5.726900288311041,-4.91216838316306,5.587674688254933
-8.21177995375481,-2.762938135897226,8.233605299720947
-1.6483844843014328,-0.5501328998697286,1.438484905118932
7.582366151243292,-9.087025089952325,7.255199807824632
8.894640445828205,-7.199518048933646,8.7220739274561
-0.6519697750026054,-4.463713844173885,
2.2682277842141545,9.430653818021014,4.19981848916755
-6.659321078158495,-3.373059857938985,6.639678848056628
9.823372522739533,-0.3591788377583498,9.869158957126658
-5.3665659723311325,-6.078045745232141,5.11926323128688
8.854635482702513,2.215601421515366,9.143119596016975
2.992932979847369,-4.386335689680514,2.673211580140935
2.154735897577183,-5.8601484312314644,1.1482950198546908
0.25377022033017127,0.3314525689195804,
-5.386603765644827,-9.889884016791584,4.806354503852029
-6.469439359889835,-9.846719347015494,6.013414510514516
-5.590275818596493,-5.6186238179628445,5.3925573987740725
-6.271234757114909,-9.265572749983576,5.84166856057202
5.591689471335066,-7.839484917386173,5.2161250782412
-2.997494816665398,-3.222787013224968,2.833762791531194
-8.843146468732073,6.051713591596258,9.393238913067208
9.382052602816227,1.4409728673860158,9.59520718712685
7.675717699268514,0.25335451912832774,7.735314667721706
8.55504566390426,-4.130223535837567,8.521938485525101
9.898156452928706,8.635074388656328,10.538346948387103
-6.522095015610255,-2.059699175256167,6.563214136674141
-2.075159621946825,-8.25814466408457,
5.164769514081826,2.3413303223560256,5.613265913405708
3.9204123610758437,-7.723232130467972,3.325181309191854
-6.922081873202899,-3.0955371439661583,6.9198524790430715
6.316662499812356,0.1482387743561766,6.323189379504838
-5.511188563266787,7.484450493703516,6.448042942206758
-5.523647703547539,-0.12906839319762753,5.481171515499694
0.739488457868271,4.045175320633286,2.3848997436171393
1.8587986968340626,9.856336779981408,4.027345821845561
1.601724156756223,-7.370217602040368,
-8.170263252044903,-4.50536948960961,8.115023299635034
7.549217252607608,-2.108478488047072,7.592734231712408
-4.687999148225879,-1.5634364292233727,4.73347564617581
-7.4097015743439165,-1.7795784946890851,7.463462040286703
7.774961597379544,8.1522200511311,8.529445861234937
9.113029964595068,4.280652889337128,9.538961097560168
7.2425523453090115,2.158104281814076,7.573762118230255
6.19032149449756,-3.8125456427443583,6.13749286755536
3.1048396127804345,6.475807684425895,4.3722845405785895
1.017147412182787,9.101210229699777,3.5158510405580143
-8.260264801771797,6.423965651004529,8.867211090381817
-1.8309357385860263,-9.968697896170543,
-2.5462296597537204,2.72802740366814,3.33908750549512
-4.804924324793475,-8.977292371157986,4.227806169638082
4.468402273771698,-4.847855593325563,4.26548129288606
-0.08248529842458296,-8.809505993044567,
-8.379075681847041,2.0759090589877545,8.668388264693998
-5.596335961003773,3.731798269852135,6.171691565248098
3.6651752731919185,-7.710247238681898,3.010762188646465
-8.477382810193996,-2.3232223391004103,8.516052718485726
7.024138280975375,-0.8752698208891587,7.090795317805421
-0.0970694597205135,-2.618939564781668,
-0.38826845346704,-7.579499990296139,
1.8481556931903516,-1.621044196250491,1.700556966538267
6.493619318502983,5.023560956168362,7.118680488497855
-3.043815841956139,-8.579846709334891,1.9868306815560872
3.560323051181271,-8.39639971836193,2.7707679088813104
1.3146392799158217,-2.9045741632803157,0.4044148627502885
-4.6594345966115736,8.834514232378503,5.853409709231843
7.57259972710316,3.371452934458281,7.997224505047157
5.948520432138562,3.5733991334512964,6.481894342536424
3.1690366931685094,-2.7616001832427006,3.074155384344271
7.011634581884838,1.873215824170769,7.321984897038738
7.345884019196049,-9.797376319445132,6.95994902929188
4.167259534300696,2.721920928190844,4.745162741446297
6.740266567273441,8.265738951524735,7.597180461079685
3.949429233385672,2.2514693668963837,4.4760043299842245
3.6028154352060078,7.473971869326903,4.8731297029610054
2.372227564303685,4.479461109321877,3.5313250900370456
5.054332791152824,-7.5888316719261955,4.648050321943424
-6.827897894138526,8.049066145716836,7.660014929964814
7.617415183978569,-8.671123112884501,7.31739888158367
7.43687055490464,0.6793494509552751,7.58987638956502
-9.415054339308817,-7.157257524130847,9.257236493787431
6.516335011295254,-9.765867785381918,6.070416766944588
-7.422602650531096,-1.55931479744722,7.482278500550016
-3.297622914817162,-4.099185846916875,3.062535110255419
4.870165125832155,-0.27999012404793966,4.873258163117659
-6.784802079033836,1.5439977346910165,7.0658755362145955
6.359340482381242,-9.125218553821053,5.947853338941158
6.64268355915484,-7.539934097525087,6.363885624636726
0.14935467521672408,1.1728479290085065,
-9.872282565663328,-3.1366529365468354,9.887274523197473
-4.259237336501744,4.583469750988961,5.069133935274998
2.3385383675148432,3.0458329718387933,3.236957706063046
9.62372356054847,6.912087259798135,10.18457880031185
2.636270540333367,3.8498565333845054,3.621764766386789
-4.803928378716805,-1.4013784521970365,4.856257795051415
2.680114061992228,3.4593324478886487,3.587377708516111
0.799707594317109,-4.49237651489163,
5.596907903022872,-3.873730024435746,5.525222186393318
-7.860387223460831,5.779703198415866,8.448761962741756
5.220558050040561,-1.071609671968357,5.2824599258837175
0.825331573522206,5.96760681036705,2.871089501962358
9.259840077179891,6.448447473365569,9.812370351070582
-3.1625566792262783,7.151246753225674,4.502408132467337
2.652437862678962,8.332704716824146,4.296952245121729
8.64056211020035,-1.3802955897340752,8.703894720292665
-7.949805440186415,-3.6226636335772238,7.933290611361526
8.744569744729024,1.6439749318822763,8.98760395810242
3.7577144460162675,-2.576551531247448,3.7167363543975096
-8.643258817896562,2.0214833360046587,8.921211665773559
-3.980728661063675,4.111717252876492,4.770033917429452
4.163441772905632,3.768100369842738,4.88418476733569
-8.652987970624565,-2.508942259597573,8.685794408423954
1.643409203525465,-6.662795966024944,
-3.0823388609408653,-1.3894132307558493,3.0928902056210377
2.4183103553495418,-7.148117118361825,1.245000375265029
-9.085159323749743,7.801940703676166,9.726411228773461
7.430736123047524,-3.0824507852428518,7.434025723889309
9.469779383547937,-6.910805055533524,9.324543327421992
9.37755710571383,-9.491044801884982,9.106931451550718
4.993036634858495,2.916447725729686,5.524968160534852
-7.398275197387361,2.7380463490948657,7.776954017595028
